ecosystem	name	version	direct
crates.io	adler2	2.0.1	false
crates.io	aes	0.8.4	false
crates.io	aes	0.9.3	false
crates.io	aho-corasick	1.1.5	false
crates.io	alloc-no-stdlib	2.0.4	false
crates.io	alloc-stdlib	0.2.4	false
crates.io	alsa	0.9.1	false
crates.io	alsa-sys	0.3.1	false
crates.io	android_system_properties	0.1.6	false
crates.io	anyhow	1.0.104	false
crates.io	apple-native-keyring-store	1.0.2	false
crates.io	arbitrary	1.4.2	false
crates.io	arboard	3.6.1	true
crates.io	async-broadcast	0.7.2	false
crates.io	async-channel	2.5.0	false
crates.io	async-executor	1.14.0	false
crates.io	async-io	2.6.0	false
crates.io	async-lock	3.4.2	false
crates.io	async-process	2.5.0	false
crates.io	async-recursion	1.1.1	false
crates.io	async-signal	0.2.14	false
crates.io	async-task	4.7.1	false
crates.io	async-trait	0.1.92	false
crates.io	atk	0.18.2	false
crates.io	atk-sys	0.18.2	false
crates.io	atomic-waker	1.1.2	false
crates.io	auto-launch	0.5.0	false
crates.io	autocfg	1.5.1	false
crates.io	base64	0.21.7	false
crates.io	base64	0.22.1	false
crates.io	bindgen	0.72.1	false
crates.io	bit-set	0.8.0	false
crates.io	bit-vec	0.8.0	false
crates.io	bitflags	1.3.2	false
crates.io	bitflags	2.13.1	false
crates.io	block	0.1.6	false
crates.io	block-buffer	0.10.4	false
crates.io	block-buffer	0.12.1	false
crates.io	block-padding	0.4.2	false
crates.io	block2	0.6.2	false
crates.io	blocking	1.7.0	false
crates.io	brotli	8.0.4	false
crates.io	brotli-decompressor	5.0.3	false
crates.io	bs58	0.5.1	false
crates.io	bumpalo	3.20.3	false
crates.io	bytemuck	1.25.2	false
crates.io	byteorder	1.5.0	false
crates.io	byteorder-lite	0.1.0	false
crates.io	bytes	1.12.1	false
crates.io	bzip2	0.4.4	false
crates.io	bzip2	0.5.2	true
crates.io	bzip2-sys	0.1.13+1.0.8	false
crates.io	cairo-rs	0.18.5	false
crates.io	cairo-sys-rs	0.18.2	false
crates.io	camino	1.2.5	false
crates.io	cargo-platform	0.1.9	false
crates.io	cargo_metadata	0.19.2	false
crates.io	cargo_toml	0.22.3	false
crates.io	cbc	0.2.1	false
crates.io	cc	1.4.5	false
crates.io	cesu8	1.1.0	false
crates.io	cexpr	0.6.0	false
crates.io	cfb	0.7.3	false
crates.io	cfg-expr	0.15.8	false
crates.io	cfg-if	1.0.4	false
crates.io	cfg_aliases	0.2.2	false
crates.io	chacha20	0.10.2	false
crates.io	chrono	0.4.45	false
crates.io	cipher	0.4.4	false
crates.io	cipher	0.5.2	false
crates.io	clang-sys	1.9.1	false
crates.io	clipboard-win	5.4.1	false
crates.io	cmov	0.5.4	false
crates.io	cocoa	0.22.0	false
crates.io	combine	4.6.8	false
crates.io	concurrent-queue	2.5.0	false
crates.io	const-oid	0.10.2	false
crates.io	constant_time_eq	0.3.1	false
crates.io	cookie	0.18.2	false
crates.io	core-foundation	0.7.0	false
crates.io	core-foundation	0.9.4	false
crates.io	core-foundation	0.10.1	false
crates.io	core-foundation-sys	0.7.0	false
crates.io	core-foundation-sys	0.8.7	false
crates.io	core-graphics	0.19.2	false
crates.io	core-graphics	0.21.0	false
crates.io	core-graphics	0.25.0	false
crates.io	core-graphics-types	0.2.0	false
crates.io	coreaudio-rs	0.11.3	false
crates.io	coreaudio-sys	0.2.18	false
crates.io	cpal	0.15.3	true
crates.io	cpubits	0.1.1	false
crates.io	cpufeatures	0.2.17	false
crates.io	cpufeatures	0.3.1	false
crates.io	crc	3.4.0	false
crates.io	crc-catalog	2.5.0	false
crates.io	crc32fast	1.5.1	false
crates.io	crossbeam-channel	0.5.16	false
crates.io	crossbeam-utils	0.8.22	false
crates.io	crunchy	0.2.4	false
crates.io	crypto-common	0.1.7	false
crates.io	crypto-common	0.2.2	false
crates.io	cssparser	0.36.0	false
crates.io	cssparser-macros	0.6.1	false
crates.io	ctor	0.8.0	false
crates.io	ctor-proc-macro	0.0.7	false
crates.io	ctutils	0.4.2	false
crates.io	darling	0.23.0	false
crates.io	darling_core	0.23.0	false
crates.io	darling_macro	0.23.0	false
crates.io	dasp_sample	0.11.0	false
crates.io	dbus	0.9.12	false
crates.io	deflate64	0.1.12	false
crates.io	defmt	1.1.1	false
crates.io	defmt-macros	1.1.1	false
crates.io	defmt-parser	1.0.0	false
crates.io	deranged	0.5.8	false
crates.io	derive_arbitrary	1.4.2	false
crates.io	derive_more	2.1.1	false
crates.io	derive_more-impl	2.1.1	false
crates.io	digest	0.10.7	false
crates.io	digest	0.11.3	false
crates.io	dirs	4.0.0	false
crates.io	dirs	6.0.0	false
crates.io	dirs-next	2.0.0	true
crates.io	dirs-sys	0.3.7	false
crates.io	dirs-sys	0.5.0	false
crates.io	dirs-sys-next	0.1.2	false
crates.io	dispatch2	0.3.1	false
crates.io	displaydoc	0.2.7	false
crates.io	dlopen2	0.8.2	false
crates.io	dlopen2_derive	0.4.3	false
crates.io	dom_query	0.27.0	false
crates.io	dpi	0.1.2	false
crates.io	dtoa	1.0.11	false
crates.io	dtoa-short	0.3.5	false
crates.io	dtor	0.3.0	false
crates.io	dtor-proc-macro	0.0.6	false
crates.io	dunce	1.0.5	false
crates.io	dyn-clone	1.0.20	false
crates.io	either	1.18.0	false
crates.io	embed-resource	3.0.11	false
crates.io	embed_plist	1.2.2	false
crates.io	endi	1.1.1	false
crates.io	enumflags2	0.7.12	false
crates.io	enumflags2_derive	0.7.12	false
crates.io	equivalent	1.0.2	false
crates.io	erased-serde	0.4.10	false
crates.io	errno	0.3.14	false
crates.io	error-code	3.4.0	false
crates.io	event-listener	5.4.2	false
crates.io	event-listener-strategy	0.5.4	false
crates.io	fastrand	2.5.0	false
crates.io	fax	0.2.7	false
crates.io	fdeflate	0.3.7	false
crates.io	field-offset	0.3.6	false
crates.io	filetime	0.2.29	false
crates.io	find-msvc-tools	0.1.12	false
crates.io	flate2	1.1.10	false
crates.io	fnv	1.0.7	false
crates.io	foldhash	0.2.0	false
crates.io	foreign-types	0.3.2	false
crates.io	foreign-types	0.5.0	false
crates.io	foreign-types-macros	0.2.4	false
crates.io	foreign-types-shared	0.1.1	false
crates.io	foreign-types-shared	0.3.1	false
crates.io	form_urlencoded	1.2.2	false
crates.io	futures-channel	0.3.34	false
crates.io	futures-core	0.3.34	false
crates.io	futures-executor	0.3.34	false
crates.io	futures-io	0.3.34	false
crates.io	futures-lite	2.6.1	false
crates.io	futures-macro	0.3.34	false
crates.io	futures-sink	0.3.34	false
crates.io	futures-task	0.3.34	false
crates.io	futures-util	0.3.34	false
crates.io	gdk	0.18.2	false
crates.io	gdk-pixbuf	0.18.5	false
crates.io	gdk-pixbuf-sys	0.18.0	false
crates.io	gdk-sys	0.18.2	false
crates.io	gdkwayland-sys	0.18.2	false
crates.io	gdkx11	0.18.2	false
crates.io	gdkx11-sys	0.18.2	false
crates.io	generic-array	0.14.7	false
crates.io	gethostname	1.1.0	false
crates.io	getrandom	0.2.17	false
crates.io	getrandom	0.3.4	false
crates.io	getrandom	0.4.3	false
crates.io	gio	0.18.4	false
crates.io	gio-sys	0.18.1	false
crates.io	glib	0.18.5	false
crates.io	glib-macros	0.18.5	false
crates.io	glib-sys	0.18.1	false
crates.io	glob	0.3.4	false
crates.io	gobject-sys	0.18.0	false
crates.io	gtk	0.18.2	false
crates.io	gtk-sys	0.18.2	false
crates.io	gtk3-macros	0.18.2	false
crates.io	half	2.7.1	false
crates.io	hashbrown	0.12.3	false
crates.io	hashbrown	0.17.1	false
crates.io	heck	0.4.1	false
crates.io	heck	0.5.0	false
crates.io	hermit-abi	0.5.3	false
crates.io	hex	0.4.3	false
crates.io	hkdf	0.13.0	false
crates.io	hmac	0.12.1	false
crates.io	hmac	0.13.0	false
crates.io	hound	3.5.1	true
crates.io	html5ever	0.38.0	false
crates.io	http	1.5.0	false
crates.io	http-body	1.1.0	false
crates.io	http-body-util	0.1.5	false
crates.io	httparse	1.10.1	false
crates.io	hybrid-array	0.4.14	false
crates.io	hyper	1.11.1	false
crates.io	hyper-rustls	0.27.9	false
crates.io	hyper-util	0.1.20	false
crates.io	iana-time-zone	0.1.65	false
crates.io	iana-time-zone-haiku	0.1.2	false
crates.io	ico	0.5.0	false
crates.io	icu_collections	2.3.0	false
crates.io	icu_locale_core	2.3.0	false
crates.io	icu_normalizer	2.3.0	false
crates.io	icu_normalizer_data	2.3.0	false
crates.io	icu_properties	2.3.0	false
crates.io	icu_properties_data	2.3.0	false
crates.io	icu_provider	2.3.1	false
crates.io	ident_case	1.0.1	false
crates.io	idna	1.1.0	false
crates.io	idna_adapter	1.2.2	false
crates.io	image	0.25.10	false
crates.io	indexmap	1.9.3	false
crates.io	indexmap	2.14.2	false
crates.io	infer	0.19.0	false
crates.io	inout	0.1.4	false
crates.io	inout	0.2.2	false
crates.io	ipnet	2.12.1	false
crates.io	itertools	0.13.0	false
crates.io	itoa	1.0.18	false
crates.io	javascriptcore-rs	1.1.2	false
crates.io	javascriptcore-rs-sys	1.1.1	false
crates.io	jiff	0.2.35	false
crates.io	jiff-core	0.1.0	false
crates.io	jiff-static	0.2.35	false
crates.io	jiff-tzdb	0.1.8	false
crates.io	jiff-tzdb-platform	0.1.3	false
crates.io	jni	0.21.1	false
crates.io	jni	0.22.4	false
crates.io	jni-macros	0.22.4	false
crates.io	jni-sys	0.3.1	false
crates.io	jni-sys	0.4.1	false
crates.io	jni-sys-macros	0.4.1	false
crates.io	jobserver	0.1.35	false
crates.io	js-sys	0.3.105	false
crates.io	json-patch	3.0.1	false
crates.io	jsonptr	0.6.3	false
crates.io	keyboard-types	0.7.0	false
crates.io	keyring	4.2.0	true
crates.io	keyring-core	1.0.0	false
crates.io	lazy_static	1.5.0	false
crates.io	libappindicator	0.9.0	false
crates.io	libappindicator-sys	0.9.0	false
crates.io	libc	0.2.189	false
crates.io	libdbus-sys	0.2.7	false
crates.io	libloading	0.7.4	false
crates.io	libloading	0.8.9	false
crates.io	libredox	0.1.23	false
crates.io	linux-raw-sys	0.12.1	false
crates.io	litemap	0.8.3	false
crates.io	lock_api	0.4.14	false
crates.io	log	0.4.34	false
crates.io	lru-slab	0.1.2	false
crates.io	lzma-rs	0.3.0	false
crates.io	lzma-sys	0.1.20	false
crates.io	mach2	0.4.3	false
crates.io	malloc_buf	0.0.6	false
crates.io	markup5ever	0.38.0	false
crates.io	memchr	2.8.3	false
crates.io	memoffset	0.9.1	false
crates.io	mime	0.3.17	false
crates.io	mime_guess	2.0.5	false
crates.io	minimal-lexical	0.2.1	false
crates.io	minisign-verify	0.2.5	false
crates.io	miniz_oxide	0.8.9	false
crates.io	miniz_oxide	0.9.1	false
crates.io	mio	1.2.3	false
crates.io	moxcms	0.8.1	false
crates.io	muda	0.19.3	false
crates.io	ndk	0.8.0	false
crates.io	ndk	0.9.0	false
crates.io	ndk-context	0.1.1	false
crates.io	ndk-sys	0.5.0+25.2.9519653	false
crates.io	ndk-sys	0.6.0+11769913	false
crates.io	new_debug_unreachable	1.0.6	false
crates.io	nom	7.1.3	false
crates.io	num	0.4.3	false
crates.io	num-bigint	0.4.8	false
crates.io	num-complex	0.4.6	false
crates.io	num-conv	0.2.2	false
crates.io	num-derive	0.4.2	false
crates.io	num-integer	0.1.47	false
crates.io	num-iter	0.1.46	false
crates.io	num-rational	0.4.2	false
crates.io	num-traits	0.2.19	false
crates.io	num_enum	0.7.6	false
crates.io	num_enum_derive	0.7.6	false
crates.io	objc	0.2.7	false
crates.io	objc2	0.6.4	false
crates.io	objc2-app-kit	0.3.2	false
crates.io	objc2-cloud-kit	0.3.2	false
crates.io	objc2-core-data	0.3.2	false
crates.io	objc2-core-foundation	0.3.2	false
crates.io	objc2-core-graphics	0.3.2	false
crates.io	objc2-core-image	0.3.2	false
crates.io	objc2-core-location	0.3.2	false
crates.io	objc2-core-text	0.3.2	false
crates.io	objc2-encode	4.1.0	false
crates.io	objc2-exception-helper	0.1.1	false
crates.io	objc2-foundation	0.3.2	false
crates.io	objc2-io-surface	0.3.2	false
crates.io	objc2-osa-kit	0.3.2	false
crates.io	objc2-quartz-core	0.3.2	false
crates.io	objc2-ui-kit	0.3.2	false
crates.io	objc2-user-notifications	0.3.2	false
crates.io	objc2-web-kit	0.3.2	false
crates.io	oboe	0.6.1	false
crates.io	oboe-sys	0.6.1	false
crates.io	once_cell	1.21.4	false
crates.io	openssl-probe	0.2.1	false
crates.io	option-ext	0.2.0	false
crates.io	ordered-stream	0.2.0	false
crates.io	osakit	0.3.1	false
crates.io	pango	0.18.3	false
crates.io	pango-sys	0.18.0	false
crates.io	parking	2.2.1	false
crates.io	parking_lot	0.12.5	false
crates.io	parking_lot_core	0.9.12	false
crates.io	pbkdf2	0.12.2	false
crates.io	percent-encoding	2.3.2	false
crates.io	phf	0.13.1	false
crates.io	phf_codegen	0.13.1	false
crates.io	phf_generator	0.13.1	false
crates.io	phf_macros	0.13.1	false
crates.io	phf_shared	0.13.1	false
crates.io	pin-project-lite	0.2.17	false
crates.io	piper	0.2.5	false
crates.io	pkg-config	0.3.34	false
crates.io	plist	1.10.0	false
crates.io	png	0.17.16	false
crates.io	png	0.18.1	false
crates.io	polling	3.11.0	false
crates.io	portable-atomic	1.15.0	false
crates.io	portable-atomic-util	0.2.8	false
crates.io	potential_utf	0.1.6	false
crates.io	powerfmt	0.2.0	false
crates.io	precomputed-hash	0.1.1	false
crates.io	proc-macro-crate	1.3.1	false
crates.io	proc-macro-crate	2.0.2	false
crates.io	proc-macro-crate	3.5.0	false
crates.io	proc-macro-error	1.0.4	false
crates.io	proc-macro-error-attr	1.0.4	false
crates.io	proc-macro2	1.0.107	false
crates.io	pxfm	0.1.30	false
crates.io	quick-error	2.0.1	false
crates.io	quick-xml	0.41.0	false
crates.io	quinn	0.11.11	false
crates.io	quinn-proto	0.11.17	false
crates.io	quinn-udp	0.5.15	false
crates.io	quote	1.0.47	false
crates.io	r-efi	5.3.0	false
crates.io	r-efi	6.0.0	false
crates.io	rand	0.10.2	false
crates.io	rand_core	0.10.1	false
crates.io	rand_pcg	0.10.2	false
crates.io	raw-window-handle	0.6.2	false
crates.io	rdev	0.5.3	true
crates.io	redox_syscall	0.5.18	false
crates.io	redox_users	0.4.6	false
crates.io	redox_users	0.5.2	false
crates.io	ref-cast	1.0.27	false
crates.io	ref-cast-impl	1.0.27	false
crates.io	regex	1.13.1	false
crates.io	regex-automata	0.4.18	false
crates.io	regex-syntax	0.8.11	false
crates.io	reqwest	0.12.28	true
crates.io	reqwest	0.13.4	false
crates.io	ring	0.17.14	false
crates.io	rustc-hash	2.1.3	false
crates.io	rustc_version	0.4.1	false
crates.io	rustix	1.1.4	false
crates.io	rustls	0.23.45	false
crates.io	rustls-native-certs	0.8.4	false
crates.io	rustls-pki-types	1.15.1	false
crates.io	rustls-platform-verifier	0.7.0	false
crates.io	rustls-platform-verifier-android	0.1.1	false
crates.io	rustls-webpki	0.103.15	false
crates.io	rustversion	1.0.23	false
crates.io	ryu	1.0.23	false
crates.io	same-file	1.0.6	false
crates.io	schannel	0.1.29	false
crates.io	schemars	0.8.22	false
crates.io	schemars	0.9.0	false
crates.io	schemars	1.2.2	false
crates.io	schemars_derive	0.8.22	false
crates.io	scopeguard	1.2.0	false
crates.io	secret-service	5.2.0	false
crates.io	security-framework	3.7.0	false
crates.io	security-framework-sys	2.17.0	false
crates.io	selectors	0.36.1	false
crates.io	semver	1.0.28	false
crates.io	serde	1.0.229	true
crates.io	serde-untagged	0.1.9	false
crates.io	serde_core	1.0.229	false
crates.io	serde_derive	1.0.229	false
crates.io	serde_derive_internals	0.29.1	false
crates.io	serde_json	1.0.151	true
crates.io	serde_repr	0.1.21	false
crates.io	serde_spanned	0.6.9	false
crates.io	serde_spanned	1.1.1	false
crates.io	serde_urlencoded	0.7.1	false
crates.io	serde_with	3.22.0	false
crates.io	serde_with_macros	3.22.0	false
crates.io	serialize-to-javascript	0.1.2	false
crates.io	serialize-to-javascript-impl	0.1.2	false
crates.io	servo_arc	0.4.3	false
crates.io	sha1	0.10.7	false
crates.io	sha2	0.10.9	true
crates.io	sha2	0.11.0	false
crates.io	sherpa-onnx	1.13.7	true
crates.io	sherpa-onnx-sys	1.13.7	false
crates.io	shlex	1.3.0	false
crates.io	shlex	2.0.1	false
crates.io	signal-hook-registry	1.4.8	false
crates.io	simd-adler32	0.3.10	false
crates.io	simd_cesu8	1.2.0	false
crates.io	simdutf8	0.1.5	false
crates.io	siphasher	1.0.3	false
crates.io	slab	0.4.12	false
crates.io	smallvec	1.16.0	false
crates.io	socket2	0.6.5	false
crates.io	softbuffer	0.4.8	false
crates.io	soup3	0.5.0	false
crates.io	soup3-sys	0.5.0	false
crates.io	stable_deref_trait	1.2.1	false
crates.io	string_cache	0.9.0	false
crates.io	string_cache_codegen	0.6.1	false
crates.io	strsim	0.11.1	false
crates.io	subtle	2.6.1	false
crates.io	swift-rs	1.0.8	false
crates.io	syn	1.0.109	false
crates.io	syn	2.0.119	false
crates.io	syn	3.0.5	false
crates.io	sync_wrapper	1.0.2	false
crates.io	synstructure	0.13.2	false
crates.io	system-configuration	0.7.0	false
crates.io	system-configuration-sys	0.6.0	false
crates.io	system-deps	6.2.2	false
crates.io	tao	0.35.3	false
crates.io	tao-macros	0.1.4	false
crates.io	tar	0.4.46	true
crates.io	target-lexicon	0.12.16	false
crates.io	tauri	2.11.6	true
crates.io	tauri-build	2.6.3	true
crates.io	tauri-codegen	2.6.3	false
crates.io	tauri-macros	2.6.3	false
crates.io	tauri-plugin	2.6.3	false
crates.io	tauri-plugin-autostart	2.5.1	true
crates.io	tauri-plugin-updater	2.11.0	true
crates.io	tauri-runtime	2.11.3	false
crates.io	tauri-runtime-wry	2.11.4	false
crates.io	tauri-utils	2.9.3	false
crates.io	tauri-winres	0.3.6	false
crates.io	tempfile	3.27.0	true
crates.io	tendril	0.5.1	false
crates.io	thiserror	1.0.69	false
crates.io	thiserror	2.0.20	false
crates.io	thiserror-impl	1.0.69	false
crates.io	thiserror-impl	2.0.20	false
crates.io	tiff	0.11.3	false
crates.io	time	0.3.55	false
crates.io	time-core	0.1.9	false
crates.io	time-macros	0.2.32	false
crates.io	tinystr	0.8.4	false
crates.io	tinyvec	1.13.2	false
crates.io	tinyvec_macros	0.1.1	false
crates.io	tokio	1.53.1	false
crates.io	tokio-rustls	0.26.5	false
crates.io	tokio-util	0.7.19	false
crates.io	toml	0.8.2	false
crates.io	toml	0.9.12+spec-1.1.0	false
crates.io	toml	1.1.5+spec-1.1.0	false
crates.io	toml_datetime	0.6.3	false
crates.io	toml_datetime	0.7.5+spec-1.1.0	false
crates.io	toml_datetime	1.1.1+spec-1.1.0	false
crates.io	toml_edit	0.19.15	false
crates.io	toml_edit	0.20.2	false
crates.io	toml_edit	0.25.13+spec-1.1.0	false
crates.io	toml_parser	1.1.3+spec-1.1.0	false
crates.io	toml_writer	1.1.2+spec-1.1.0	false
crates.io	tower	0.5.3	false
crates.io	tower-http	0.6.11	false
crates.io	tower-layer	0.3.3	false
crates.io	tower-service	0.3.3	false
crates.io	tracing	0.1.44	false
crates.io	tracing-attributes	0.1.31	false
crates.io	tracing-core	0.1.36	false
crates.io	tray-icon	0.24.2	false
crates.io	try-lock	0.2.5	false
crates.io	typeid	1.0.3	false
crates.io	typenum	1.20.1	false
crates.io	uds_windows	1.2.1	false
crates.io	unic-char-property	0.9.0	false
crates.io	unic-char-range	0.9.0	false
crates.io	unic-common	0.9.0	false
crates.io	unic-ucd-ident	0.9.0	false
crates.io	unic-ucd-version	0.9.0	false
crates.io	unicase	2.9.0	false
crates.io	unicode-ident	1.0.24	false
crates.io	unicode-segmentation	1.13.3	false
crates.io	untrusted	0.9.0	false
crates.io	ureq	2.12.1	false
crates.io	url	2.5.8	false
crates.io	urlpattern	0.3.0	false
crates.io	utf8_iter	1.0.4	false
crates.io	uuid	1.26.0	false
crates.io	version-compare	0.2.1	false
crates.io	version_check	0.9.5	false
crates.io	vswhom	0.1.0	false
crates.io	vswhom-sys	0.1.3	false
crates.io	walkdir	2.5.0	false
crates.io	want	0.3.1	false
crates.io	wasi	0.11.1+wasi-snapshot-preview1	false
crates.io	wasip2	1.0.4+wasi-0.2.12	false
crates.io	wasm-bindgen	0.2.128	false
crates.io	wasm-bindgen-futures	0.4.78	false
crates.io	wasm-bindgen-macro	0.2.128	false
crates.io	wasm-bindgen-macro-support	0.2.128	false
crates.io	wasm-bindgen-shared	0.2.128	false
crates.io	wasm-streams	0.5.0	false
crates.io	web-sys	0.3.105	false
crates.io	web-time	1.1.0	false
crates.io	web_atoms	0.2.6	false
crates.io	webkit2gtk	2.0.2	false
crates.io	webkit2gtk-sys	2.0.2	false
crates.io	webpki-root-certs	1.0.9	false
crates.io	webpki-roots	0.26.11	false
crates.io	webpki-roots	1.0.9	false
crates.io	webview2-com	0.38.2	false
crates.io	webview2-com-macros	0.8.1	false
crates.io	webview2-com-sys	0.38.2	false
crates.io	weezl	0.1.12	false
crates.io	winapi	0.3.9	false
crates.io	winapi-i686-pc-windows-gnu	0.4.0	false
crates.io	winapi-util	0.1.11	false
crates.io	winapi-x86_64-pc-windows-gnu	0.4.0	false
crates.io	window-vibrancy	0.6.0	false
crates.io	windows	0.54.0	false
crates.io	windows	0.61.3	false
crates.io	windows-collections	0.2.0	false
crates.io	windows-core	0.54.0	false
crates.io	windows-core	0.61.2	false
crates.io	windows-future	0.2.1	false
crates.io	windows-implement	0.60.2	false
crates.io	windows-interface	0.59.3	false
crates.io	windows-link	0.1.3	false
crates.io	windows-link	0.2.1	false
crates.io	windows-native-keyring-store	1.1.0	false
crates.io	windows-numerics	0.2.0	false
crates.io	windows-registry	0.6.1	false
crates.io	windows-result	0.1.2	false
crates.io	windows-result	0.3.4	false
crates.io	windows-result	0.4.1	false
crates.io	windows-strings	0.4.2	false
crates.io	windows-strings	0.5.1	false
crates.io	windows-sys	0.45.0	false
crates.io	windows-sys	0.52.0	false
crates.io	windows-sys	0.59.0	false
crates.io	windows-sys	0.60.2	false
crates.io	windows-sys	0.61.2	true
crates.io	windows-targets	0.42.2	false
crates.io	windows-targets	0.52.6	false
crates.io	windows-targets	0.53.5	false
crates.io	windows-threading	0.1.0	false
crates.io	windows-version	0.1.7	false
crates.io	windows_aarch64_gnullvm	0.42.2	false
crates.io	windows_aarch64_gnullvm	0.52.6	false
crates.io	windows_aarch64_gnullvm	0.53.1	false
crates.io	windows_aarch64_msvc	0.42.2	false
crates.io	windows_aarch64_msvc	0.52.6	false
crates.io	windows_aarch64_msvc	0.53.1	false
crates.io	windows_i686_gnu	0.42.2	false
crates.io	windows_i686_gnu	0.52.6	false
crates.io	windows_i686_gnu	0.53.1	false
crates.io	windows_i686_gnullvm	0.52.6	false
crates.io	windows_i686_gnullvm	0.53.1	false
crates.io	windows_i686_msvc	0.42.2	false
crates.io	windows_i686_msvc	0.52.6	false
crates.io	windows_i686_msvc	0.53.1	false
crates.io	windows_x86_64_gnu	0.42.2	false
crates.io	windows_x86_64_gnu	0.52.6	false
crates.io	windows_x86_64_gnu	0.53.1	false
crates.io	windows_x86_64_gnullvm	0.42.2	false
crates.io	windows_x86_64_gnullvm	0.52.6	false
crates.io	windows_x86_64_gnullvm	0.53.1	false
crates.io	windows_x86_64_msvc	0.42.2	false
crates.io	windows_x86_64_msvc	0.52.6	false
crates.io	windows_x86_64_msvc	0.53.1	false
crates.io	winnow	0.5.40	false
crates.io	winnow	0.7.15	false
crates.io	winnow	1.0.4	false
crates.io	winreg	0.10.1	false
crates.io	winreg	0.55.0	false
crates.io	wit-bindgen	0.57.1	false
crates.io	writeable	0.6.4	false
crates.io	wry	0.55.1	false
crates.io	x11	2.21.0	false
crates.io	x11-dl	2.21.0	false
crates.io	x11rb	0.13.2	false
crates.io	x11rb-protocol	0.13.2	false
crates.io	xattr	1.6.1	false
crates.io	xz2	0.1.7	false
crates.io	yoke	0.8.3	false
crates.io	yoke-derive	0.8.2	false
crates.io	zbus	5.19.0	false
crates.io	zbus-secret-service-keyring-store	1.0.1	false
crates.io	zbus_macros	5.19.0	false
crates.io	zbus_names	4.3.4	false
crates.io	zcheapstr	1.1.0	false
crates.io	zerocopy	0.8.56	false
crates.io	zerocopy-derive	0.8.56	false
crates.io	zerofrom	0.1.8	false
crates.io	zerofrom-derive	0.1.7	false
crates.io	zeroize	1.9.0	false
crates.io	zeroize_derive	1.5.0	false
crates.io	zerotrie	0.2.5	false
crates.io	zerovec	0.11.8	false
crates.io	zerovec-derive	0.11.6	false
crates.io	zip	2.4.2	false
crates.io	zip	4.6.1	false
crates.io	zlib-rs	0.6.7	false
crates.io	zmij	1.0.23	false
crates.io	zopfli	0.8.3	false
crates.io	zstd	0.13.3	false
crates.io	zstd-safe	7.3.0	false
crates.io	zstd-sys	2.1.0+zstd.1.5.7	false
crates.io	zune-core	0.5.3	false
crates.io	zune-jpeg	0.5.15	false
crates.io	zvariant	5.15.0	false
crates.io	zvariant_derive	5.15.0	false
crates.io	zvariant_utils	4.2.0	false
npm	@esbuild/aix-ppc64	0.25.12	false
npm	@esbuild/android-arm	0.25.12	false
npm	@esbuild/android-arm64	0.25.12	false
npm	@esbuild/android-x64	0.25.12	false
npm	@esbuild/darwin-arm64	0.25.12	false
npm	@esbuild/darwin-x64	0.25.12	false
npm	@esbuild/freebsd-arm64	0.25.12	false
npm	@esbuild/freebsd-x64	0.25.12	false
npm	@esbuild/linux-arm	0.25.12	false
npm	@esbuild/linux-arm64	0.25.12	false
npm	@esbuild/linux-ia32	0.25.12	false
npm	@esbuild/linux-loong64	0.25.12	false
npm	@esbuild/linux-mips64el	0.25.12	false
npm	@esbuild/linux-ppc64	0.25.12	false
npm	@esbuild/linux-riscv64	0.25.12	false
npm	@esbuild/linux-s390x	0.25.12	false
npm	@esbuild/linux-x64	0.25.12	false
npm	@esbuild/netbsd-arm64	0.25.12	false
npm	@esbuild/netbsd-x64	0.25.12	false
npm	@esbuild/openbsd-arm64	0.25.12	false
npm	@esbuild/openbsd-x64	0.25.12	false
npm	@esbuild/openharmony-arm64	0.25.12	false
npm	@esbuild/sunos-x64	0.25.12	false
npm	@esbuild/win32-arm64	0.25.12	false
npm	@esbuild/win32-ia32	0.25.12	false
npm	@esbuild/win32-x64	0.25.12	false
npm	@napi-rs/lzma-linux-x64-gnu	1.5.1	false
npm	@rollup/rollup-android-arm-eabi	4.63.1	false
npm	@rollup/rollup-android-arm64	4.63.1	false
npm	@rollup/rollup-darwin-arm64	4.63.1	false
npm	@rollup/rollup-darwin-x64	4.63.1	false
npm	@rollup/rollup-freebsd-arm64	4.63.1	false
npm	@rollup/rollup-freebsd-x64	4.63.1	false
npm	@rollup/rollup-linux-arm-gnueabihf	4.63.1	false
npm	@rollup/rollup-linux-arm-musleabihf	4.63.1	false
npm	@rollup/rollup-linux-arm64-gnu	4.63.1	false
npm	@rollup/rollup-linux-arm64-musl	4.63.1	false
npm	@rollup/rollup-linux-loong64-gnu	4.63.1	false
npm	@rollup/rollup-linux-loong64-musl	4.63.1	false
npm	@rollup/rollup-linux-ppc64-gnu	4.63.1	false
npm	@rollup/rollup-linux-ppc64-musl	4.63.1	false
npm	@rollup/rollup-linux-riscv64-gnu	4.63.1	false
npm	@rollup/rollup-linux-riscv64-musl	4.63.1	false
npm	@rollup/rollup-linux-s390x-gnu	4.63.1	false
npm	@rollup/rollup-linux-x64-gnu	4.63.1	false
npm	@rollup/rollup-linux-x64-musl	4.63.1	false
npm	@rollup/rollup-openbsd-x64	4.63.1	false
npm	@rollup/rollup-openharmony-arm64	4.63.1	false
npm	@rollup/rollup-win32-arm64-msvc	4.63.1	false
npm	@rollup/rollup-win32-ia32-msvc	4.63.1	false
npm	@rollup/rollup-win32-x64-gnu	4.63.1	false
npm	@rollup/rollup-win32-x64-msvc	4.63.1	false
npm	@tauri-apps/api	2.11.1	true
npm	@tauri-apps/cli	2.11.4	true
npm	@tauri-apps/cli-darwin-arm64	2.11.4	false
npm	@tauri-apps/cli-darwin-x64	2.11.4	false
npm	@tauri-apps/cli-linux-arm-gnueabihf	2.11.4	false
npm	@tauri-apps/cli-linux-arm64-gnu	2.11.4	false
npm	@tauri-apps/cli-linux-arm64-musl	2.11.4	false
npm	@tauri-apps/cli-linux-riscv64-gnu	2.11.4	false
npm	@tauri-apps/cli-linux-x64-gnu	2.11.4	false
npm	@tauri-apps/cli-linux-x64-musl	2.11.4	false
npm	@tauri-apps/cli-win32-arm64-msvc	2.11.4	false
npm	@tauri-apps/cli-win32-ia32-msvc	2.11.4	false
npm	@tauri-apps/cli-win32-x64-msvc	2.11.4	false
npm	@tauri-apps/plugin-updater	2.11.0	true
npm	@types/estree	1.0.9	false
npm	esbuild	0.25.12	false
npm	fdir	6.5.0	false
npm	fsevents	2.3.3	false
npm	nanoid	3.3.18	false
npm	picocolors	1.1.1	false
npm	picomatch	4.0.7	false
npm	postcss	8.5.28	false
npm	rollup	4.63.1	false
npm	source-map-js	1.2.2	false
npm	tinyglobby	0.2.17	false
npm	vite	6.4.3	true
